{
  "AFC": {
    "players": 187,
    "players_pct": 0.15008025682182985,
    "nations": 14,
    "nations_pct": 0.2916666666666667
  },
  "CAF": {
    "players": 53,
    "players_pct": 0.04253611556982344,
    "nations": 6,
    "nations_pct": 0.125
  },
  "CONCACAF": {
    "players": 81,
    "players_pct": 0.06500802568218299,
    "nations": 7,
    "nations_pct": 0.14583333333333334
  },
  "CONMEBOL": {
    "players": 63,
    "players_pct": 0.05056179775280899,
    "nations": 8,
    "nations_pct": 0.16666666666666666
  },
  "OFC": {
    "players": 8,
    "players_pct": 0.006420545746388443,
    "nations": 1,
    "nations_pct": 0.020833333333333332
  },
  "UEFA": {
    "players": 854,
    "players_pct": 0.6853932584269663,
    "nations": 35,
    "nations_pct": 0.7291666666666666
  }
}