{
  "France": {
    "total": 23,
    "domestic": 11,
    "rate": 0.4782608695652174
  },
  "Mexico": {
    "total": 23,
    "domestic": 14,
    "rate": 0.6086956521739131
  },
  "South Africa": {
    "total": 23,
    "domestic": 16,
    "rate": 0.6956521739130435
  },
  "Uruguay": {
    "total": 23,
    "domestic": 2,
    "rate": 0.08695652173913043
  },
  "Argentina": {
    "total": 23,
    "domestic": 6,
    "rate": 0.2608695652173913
  },
  "Greece": {
    "total": 23,
    "domestic": 14,
    "rate": 0.6086956521739131
  },
  "Nigeria": {
    "total": 23,
    "domestic": 0,
    "rate": 0
  },
  "South Korea": {
    "total": 23,
    "domestic": 13,
    "rate": 0.5652173913043478
  },
  "Algeria": {
    "total": 23,
    "domestic": 3,
    "rate": 0.13043478260869565
  },
  "England": {
    "total": 23,
    "domestic": 23,
    "rate": 1
  },
  "Slovenia": {
    "total": 23,
    "domestic": 2,
    "rate": 0.08695652173913043
  },
  "United States": {
    "total": 23,
    "domestic": 4,
    "rate": 0.17391304347826086
  },
  "Australia": {
    "total": 23,
    "domestic": 2,
    "rate": 0.08695652173913043
  },
  "Germany": {
    "total": 23,
    "domestic": 23,
    "rate": 1
  },
  "Ghana": {
    "total": 23,
    "domestic": 3,
    "rate": 0.13043478260869565
  },
  "Serbia": {
    "total": 23,
    "domestic": 2,
    "rate": 0.08695652173913043
  },
  "Cameroon": {
    "total": 23,
    "domestic": 1,
    "rate": 0.043478260869565216
  },
  "Denmark": {
    "total": 23,
    "domestic": 7,
    "rate": 0.30434782608695654
  },
  "Japan": {
    "total": 23,
    "domestic": 19,
    "rate": 0.8260869565217391
  },
  "Netherlands": {
    "total": 23,
    "domestic": 9,
    "rate": 0.391304347826087
  },
  "Italy": {
    "total": 23,
    "domestic": 23,
    "rate": 1
  },
  "New Zealand": {
    "total": 23,
    "domestic": 4,
    "rate": 0.17391304347826086
  },
  "Paraguay": {
    "total": 23,
    "domestic": 4,
    "rate": 0.17391304347826086
  },
  "Slovakia": {
    "total": 23,
    "domestic": 2,
    "rate": 0.08695652173913043
  },
  "Brazil": {
    "total": 23,
    "domestic": 3,
    "rate": 0.13043478260869565
  },
  "Côte d'Ivoire": {
    "total": 23,
    "domestic": 1,
    "rate": 0.043478260869565216
  },
  "Korea DPR": {
    "total": 23,
    "domestic": 20,
    "rate": 0.8695652173913043
  },
  "Portugal": {
    "total": 23,
    "domestic": 10,
    "rate": 0.43478260869565216
  },
  "Chile": {
    "total": 23,
    "domestic": 7,
    "rate": 0.30434782608695654
  },
  "Honduras": {
    "total": 23,
    "domestic": 14,
    "rate": 0.6086956521739131
  },
  "Spain": {
    "total": 23,
    "domestic": 20,
    "rate": 0.8695652173913043
  },
  "Switzerland": {
    "total": 23,
    "domestic": 7,
    "rate": 0.30434782608695654
  }
}